feature,importance
zipcode_encoded,0.9939757091270304
area_sqft,0.001228429393361531
lot_size,0.0011276327139202026
days_on_market,0.0011132998484985578
year_built,0.0008266008881583831
bedrooms,0.00037893705245121653
state,0.00027912012320174985
listing_agent,0.0002744196473767106
property_type,0.0002556417588658951
city,0.00023235645984907627
status,0.00016258157022088298
bathrooms,0.00014527141706540702
